{
  "Категорія" : "1. Лінійні програми",
  "Назва" : "Вправа 1.1 - Фрукти для Петрика",
  "Опис" : "У Петрика було n яблук і m груш. Скласти програму яка виведе кількість фруктів, які має Петрик.",
  "Тести" : [
    {"Вхід" : ["0","4"], "Вихід" : "4"},
    {"Вхід" : ["0","0"], "Вихід" : "0"},
    {"Вхід" : ["5","4"], "Вихід" : "9"},
    {"Вхід" : ["12","0"], "Вихід" : "12"}
  ]
}