{
  "Категорія" : "2. Розгалужений код",
  "Назва" : "Вправа 2.1 - Щасливе число",
  "Опис" : [
    "Семикласники придумали гру. Якщо у квитку на сеанс фільму, який містить тризначний номер, ",
    "сума цифр цього номера виявиться такою, що дорівнює 20, то квиток щасливий. Складіть ",
    "програму, яка за введеним значенням номера обчислює суму цифр числа.",
    "\nВхідні дані: n – ціле трицифрове число, що є номером квитка. ",
    "\nВихідні дані: повідомлення “Yes”, якщо квиток щасливий, і “No”, якщо квиток не щасливий",
    "\n\n(Джерело: Н.Морзе, О.Барна «Інформатика 7»)"
  ],
  "Тести" : [
    {"Вхід" : ["569"], "Вихід" : "Yes"},
    {"Вхід" : ["388"], "Вихід" : "No"},
    {"Вхід" : ["104"], "Вихід" : "No"},
    {"Вхід" : ["992"], "Вихід" : "Yes"},
    {"Вхід" : ["004"], "Вихід" : "No"}
  ]
}