{
  "Категорія" : "1. Лінійні програми",
  "Назва" : "Вправа 1.2 - Равлик",
  "Опис" : [
    "Равлик рухається по вертикальній жердині, піднімаючись за день на а м, а за ніч спускається ",
    "на b метрів. Скільки діб має пройти, щоб равлик опинився на жердині на висоті h м?",
    "\nВхідні дані а, b, h – цілі числа",
    "\nВихідні дані: кількість діб",
    "\n\n(Джерело: Н.Морзе, О.Барна «Інформатика 7»)"
  ],
  "Тести" : [
    {"Вхід" : ["2","1","5"], "Вихід" : "4"},
    {"Вхід" : ["3","1","4"], "Вихід" : "2"},
    {"Вхід" : ["100","30","220"], "Вихід" : "3"},
    {"Вхід" : ["10000","2000","50000000"], "Вихід" : "6250"}
  ]
}