{
  "Категорія" : "1. Лінійні програми",
  "Назва" : "Вправа 1.3 - Нові класи",
  "Опис" : [
    "У школі облаштовують три нові класи для семикласників. Кількість учнів у кожному з класів ",
    "потрібно ввести під час виконання програми. За однією партою може сидіти не більше двох учнів. ",
    "Яку найменшу кількість парт потрібно замовити?",
    "\nВхідні дані а, b, c – кількість учнів у класах",
    "\nВихідні дані: кількість парт",
    "\n\n(Джерело: Н.Морзе, О.Барна «Інформатика 7»)"
  ],
  "Тести" : [
    {"Вхід" : ["15","17","22"], "Вихід" : "27"},
    {"Вхід" : ["35","27","29"], "Вихід" : "46"}
  ]
}