{
  "Категорія" : "2. Розгалужений код",
  "Назва" : "Вправа 2.2 - Податки",
  "Опис" : [
    "Ніхто не любить платити податки, але ми всі зобов'язані! Напиши програму, яка приймає ",
    "ціле число income (твій дохід) та повертає податок, який ти заплатиш. Сума податку ",
    "залежить від твого доходу:",
    "\nдо 1000 грн включно - податок 2% від доходу;",
    "\nвід 1001 грн до 10000 грн включно - податок 3% від доходу;",
    "\nбільше 10000 грн - податок 5% від доходу.",
    "\n\nВхідні дані: income – дохід",
    "\nВихідні дані: сума податку"
  ],
  "Тести" : [
    {"Вхід" : ["900"], "Вихід" : "18"},
    {"Вхід" : ["5000"], "Вихід" : "150"},
    {"Вхід" : ["10500"], "Вихід" : "525"},
    {"Вхід" : ["25000"], "Вихід" : "1250"}
  ]
}