{
  "Категорія" : "2. Розгалужений код",
  "Назва" : "Вправа 2.3 - Допомога ЗСУ",
  "Опис" : [
    "Усі допомагають армії! Напиши програму, яка приймає суму грошового унеску amount ",
    "та повертає рядок-оцінку відповідно до внесеної суми",
    "\nterrible, якщо amount дорівнює 0 грн;",
    "\npoor, якщо amount від 1 до 10 грн включно;",
    "\ngood, якщо amount від 11 до 20 грн включно;",
    "\ngreat, якщо amount від 21 до 50 грн включно;",
    "\nexcellent, якщо amount більше 50 грн.",
    "\n\nВхідні дані: amount – сума допомоги",
    "\nВихідні дані: рядок-оцінка"
  ],
  "Тести" : [
    {"Вхід" : ["0"], "Вихід" : "terrible"},
    {"Вхід" : ["1"], "Вихід" : "poor"},
    {"Вхід" : ["60"], "Вихід" : "excellent"},
    {"Вхід" : ["15"], "Вихід" : "good"},
    {"Вхід" : ["21"], "Вихід" : "great"}
  ]
}