{
  "Категорія" : "2. Розгалужений код",
  "Назва" : "Вправа 2.4 - Порівняння обчислень",
  "Опис" : [
    "У цьому завданні вводяться 2 числа: a та b. Програма має порівняти результати ",
    "наступних обчислень: суми, різниці, добутка та частки та повернути найбільший із них. ",
    "Зверни увагу: числа a та b можуть бути від'ємними; a і b не дорівнюють нулю. ",
    "Наприклад, якщо a = 10 та b = 5, то: a + b = 15, a - b = 5, a * b = 50 - ",
    "найбільший результат, a / b = 2. Але якщо a = 10 та b = -5, то: a + b = 5, ",
    "a - b = 15 — найбільший результат, a * b = -50, a / b = -2",
    "\n\nВхідні дані: a, b – цілі числа",
    "\nВихідні дані: результат порівняння"
  ],
  "Тести" : [
    {"Вхід" : ["10","5"], "Вихід" : "50"},
    {"Вхід" : ["10","-5"], "Вихід" : "15"},
    {"Вхід" : ["-6","-20"], "Вихід" : "120"},
    {"Вхід" : ["0","2"], "Вихід" : "2"}
  ]
}