{
  "Категорія" : "3. Циклічні програми",
  "Назва" : "Вправа 3.1 - Депозит",
  "Опис" : [
    "Петрику необхідно покласти гроші на депозит під певний відсоток і отримати прибуток ",
    "через деякий час. Наприклад, якщо покласти 10000 на 3 роки під 4% річних, отримаємо: ",
    "\nперший рік: 10000 + 4% = 10400 (10000 + 10000 * 0.04);",
    "\nдругий рік: 10400 + 4% = 10816 (10400 + 10400 * 0.04);",
    "\nтретій рік: 10816 + 4% = 11248.64 (10816 + 10816 * 0.04);",
    "\nчистий прибуток: 11248.64 - 10000 = 1248.64.",
    "\nНапиши програму, яка приймає 3 параметри: amount — початкова сума, яку ми кладемо на ",
    "депозит; percent — річна відсоткова ставка; period — кількість років (час, на який гроші ",
    "кладуться на депозит). Необхідно розрахувати суму чистого прибутку за весь час. ",
    "Зверни увагу: якщо amount, percent або period дорівнюють 0, то потрібно, щоб був надрукований 0.",
    "\n\nВхідні дані: amount, percent, period – цілі числа",
    "\nВихідні дані: сума чистого прибутку"
  ],
  "Тести" : [
    {"Вхід" : ["1000","5","1"], "Вихід" : "50"},
    {"Вхід" : ["12500","3","12"], "Вихід" : "5322"},
    {"Вхід" : ["1000","0","1"], "Вихід" : "0"},
    {"Вхід" : ["0","5","1"], "Вихід" : "0"},
    {"Вхід" : ["1000","5","0"], "Вихід" : "0"}
  ]
}