{
  "Категорія" : "2. Розгалужений код",
  "Назва" : "Вправа 2.5 - Рівні числа",
  "Опис" : [
    "Дано три цілих числа a, b та с. Визначте, скільки серед них збігаються. ",
    "Складіть програму для виконання завдання, яка виводить одне із ",
    "чисел: 3 (якщо всі збігаються), 2 (якщо два збігаються), або 0 (якщо всі числа різні)",
    "\nВхідні дані: числа а, b та c",
    "\nВихідні дані: кількість рівних чисел",
    "\n\n(Джерело: Н.Морзе, О.Барна «Інформатика 7»)"
  ],
  "Тести" : [
    {"Вхід" : ["1","1","1"], "Вихід" : "3"},
    {"Вхід" : ["6","6","8"], "Вихід" : "2"},
    {"Вхід" : ["0","6","1"], "Вихід" : "0"},
    {"Вхід" : ["3","3","3"], "Вихід" : "3"},
    {"Вхід" : ["7","7","2"], "Вихід" : "2"}
  ]
}