{
 "Категорія" : "2. Розгалужений код",
 "Назва" : "Вправа 2.6 - Високосний рік",
  "Опис" : ["Складіть програму Рік, у якій за введеним цілим числом року визначають, ",
    "чи є рік високосним. Якщо рік є високосним, то слід вивести повідомлення YES, ",
    "інакше – NO. Відомо, що відповідно до григоріанського календаря рік є високосним, ",
    "якщо його номер кратний 4, але не кратний 100, а також якщо він кратний 400. ",
    "\nВхідні дані: число року",
    "\nВихідні дані: YES або NO",
    "\n\nДжерело: Н.Морзе, О.Барна «Інформатика 7»)"
  ],
  "Тести" : [
    {"Вхід" : ["200"], "Вихід" : "NO"},
    {"Вхід" : ["520"], "Вихід" : "YES"},
    {"Вхід" : ["2024"], "Вихід" : "YES"},
    {"Вхід" : ["100"], "Вихід" : "NO"},
    {"Вхід" : ["2028"], "Вихід" : "YES"},
    {"Вхід" : ["400"], "Вихід" : "YES"}
  ]
}