{
 "Категорія" : "2. Розгалужений код",
 "Назва" : "Вправа 2.7 - Оцінка",
  "Опис" : ["Складіть програму Оцінки, у якій у текстове поле виводиться опис ",
  "досягнутого рівня на основі шкільної оцінки a: ",
  "\n1.) 1,2,3 – ELEMENTARY",
  "\n2.) 4,5,6 – MEDIUM",
  "\n3.) 7,8,9 – SUFFICIENT",
  "\n4.) 10,11,12 – HIGH",
  "\n\nВхідні дані: a - шкільна оцінка",
  "\nВихідні дані: рівень",
  "\n\nДжерело: Н.Морзе, О.Барна «Інформатика 7»"
  ],
  "Тести" : [
    {"Вхід" : ["2"], "Вихід" : "ELEMENTARY"},
    {"Вхід" : ["10"], "Вихід" : "HIGH"},
    {"Вхід" : ["6"], "Вихід" : "MEDIUM"},
    {"Вхід" : ["9"], "Вихід" : "SUFFICIENT"},
    {"Вхід" : ["4"], "Вихід" : "MEDIUM"}
  ]
}
