{
  "Категорія" : "3. Циклічні програми",
  "Назва" : "Вправа 3.2 - Сума чисел",
  "Опис" : ["Розробіть програму Сума чисел, за допомогою якої ",
  "можна обчислити значення суми 1+2+3…+n ",
  "\nВхідні дані: n - кількість елементів",
  "\nВихідні дані: сума чисел",
  "\n\nДжерело: Н.Морзе, О.Барна «Інформатика 7»"
  ],
  "Тести" : [
    {"Вхід" : ["6"], "Вихід" : "21"},
    {"Вхід" : ["9"], "Вихід" : "45"},
    {"Вхід" : ["12"], "Вихід" : "78"},
    {"Вхід" : ["5"], "Вихід" : "15"}
  ]
}