{
  "Категорія" : "3. Циклічні програми", 
  "Назва" : "Вправа 3.3 - Перевернуте число",
  "Опис" : ["Складіть програму, яка задане ціле число a перетворює на число, ",
  "записане навпаки. Наприклад, при введенні числа 123 отримуємо 321",
  "\nВхідні дані: a - ціле число",
  "\nВихідні дані: число навпаки",
  "\n\nДжерело: Н.Морзе, О.Барна «Інформатика 7»"
  ],
  "Тести" : [
    {"Вхід" : ["834"], "Вихід" : "438"},
    {"Вхід" : ["3498"], "Вихід" : "8943"},
    {"Вхід" : ["4938"], "Вихід" : "8394"},
    {"Вхід" : ["2486"], "Вихід" : "6842"},
    {"Вхід" : ["10398"], "Вихід" : "89301"}
  ]
}