{
  "Категорія" : "4. Списки", 
  "Назва" : "Вправа 4.1 - Сума елементів",
  "Опис" : ["Уведіть з клавіатури список з 5 елементів. Знайдіть суму усіх елементів списку.",
  "\nВхідні дані: 5 цілих чисел, уведених в рядок",
  "\nВихідні дані: Ціле число, що є сумою усіх елементів списку"
  ],
  "Тести" : [
    {"Вхід" : ["3 -5 6 8 0"], "Вихід" : "12"},
    {"Вхід" : ["-3 -5 3 5 0"], "Вихід" : "0"},
    {"Вхід" : ["-3 -5 -6 -8 0"], "Вихід" : "-22"},
    {"Вхід" : ["0 0 0 0 0"], "Вихід" : "0"}
  ]
}