{
  "Категорія" : "4. Списки", 
  "Назва" : "Вправа 4.2 - Непарні числа із списку",
  "Опис" : ["Уведіть з клавіатури список з 5 елементів. ",
  "Виведіть усі непарні елементи списку. Якщо таких елементів немає, виведіть «NO»",
  "\nВхідні дані: 5 цілих чисел, уведених в рядок",
  "\nВихідні дані: непарні елементи списку, або NO"
  ],
  "Тести" : [
    {"Вхід" : ["3 -5 6 8 0"], "Вихід" : "3 -5"},
    {"Вхід" : ["12 -6 6 8 0"], "Вихід" : "NO"},
    {"Вхід" : ["12 -6 6 9 0"], "Вихід" : "9"},
    {"Вхід" : ["0 0 0 0 0"], "Вихід" : "NO"}
  ]
}