{
  "Категорія" : "4. Списки", 
  "Назва" : "Вправа 4.3 - Кількість від’ємних елементів",
  "Опис" : ["Уведіть з клавіатури список з n елементів. ",
  "Порахуйте кількість від’ємних елементів списку. Якщо таких елементів немає, виведіть 0",
  "\nВхідні дані: список n-цілих чисел, уведених в рядок",
  "\nВихідні дані: число – кількість непарних елементів"
  ],
  "Тести" : [
    {"Вхід" : ["3 -5 6 8 0 5 6"], "Вихід" : "1"},
    {"Вхід" : ["1 2 3 4 6 7"], "Вихід" : "0"},
    {"Вхід" : ["-1 -2 -3 -3 -4"], "Вихід" : "5"},
    {"Вхід" : ["0 0 0 0 0 0 0"], "Вихід" : "0"}
  ]
}