{
  "Категорія" : "4. Списки", 
  "Назва" : "Вправа 4.4 - Парні індекси",
  "Опис" : ["Дано масив з n цілих чисел. Вивести всі його елементи ",
  "з парними індексами. Нумерація починається з 0",
  "\nВхідні дані: рядок n цілих чисел. Усі числа не перевищують 100 за абсолютною величиною.",
  "\nВихідні дані: елементи масиву з парними індексами",
  "\n\nДжерело: «eolymp.com»"
  ],
  "Тести" : [
    {"Вхід" : ["14 16 3 7 17 19 9"], "Вихід" : "14 3 17 9"},
    {"Вхід" : ["14 -6 13 7"], "Вихід" : "14 13"},
    {"Вхід" : ["14 16"], "Вихід" : "14"},
    {"Вхід" : ["14"], "Вихід" : "14"}
  ]
}