{
  "Категорія" : "4. Списки", 
  "Назва" : "Вправа 4.5 - Найбільший елемент масиву",
  "Опис" : ["Дано масив з n цілих чисел. Знайти найбільший елемент масиву.",
  "\nВхідні дані: рядок n цілих чисел. Усі числа не перевищують 100.",
  "\nВихідні дані: найбільший елемент масиву",
  "\n\nДжерело: «eolymp.com»"
  ],
  "Тести" : [
    {"Вхід" : ["5 9 3 4 6"], "Вихід" : "9"},
    {"Вхід" : ["5 5 5 5"], "Вихід" : "5"},
    {"Вхід" : ["5 -100"], "Вихід" : "5"},
    {"Вхід" : ["2 6 1"], "Вихід" : "6"}
  ]
}