{
  "Категорія" : "4. Списки", 
  "Назва" : "Вправа 4.6 - Добуток найбільшого і найменшого",
  "Опис" : ["Дано список з n цілих чисел. Знайти добуток найбільшого і найменшого елементів списку.",
  "\nВхідні дані: рядок n цілих чисел. Усі числа не перевищують 100.",
  "\nВихідні дані: добуток найбільшого і найменшого елементів списку"
  ],
  "Тести" : [
    {"Вхід" : ["5 9 3 4 6"], "Вихід" : "27"},
    {"Вхід" : ["5 5 5 5"], "Вихід" : "25"},
    {"Вхід" : ["5 -100"], "Вихід" : "500"},
    {"Вхід" : ["2 6 1"], "Вихід" : "6"}
  ]
}