{
  "Категорія" : "5. Функції", 
  "Назва" : "Вправа 5.1 - Чи є число квадратом?",
  "Опис" : ["Написати функцію, яка буде підносити число у квадрат.",
  "\nВхідні дані: Ціле число.",
  "\nВихідні дані: квадрат цього числа"
  ],
  "Тести" : [
    {"Вхід" : ["4"], "Вихід" : "16"},
    {"Вхід" : ["25"], "Вихід" : "625"},
    {"Вхід" : ["-100"], "Вихід" : "10000"},
    {"Вхід" : ["321"], "Вихід" : "103041"}
  ]
}