{
  "Категорія" : "5. Функції", 
  "Назва" : "Вправа 5.2 - Чи є число простим?",
  "Опис" : ["Написати функцію, яка буде перевіряти, чи є число простим.",
  "\nВхідні дані: Ціле число.",
  "\nВихідні дані: повідомлення «PRIME», якщо число просте і «COMPOSITE», якщо число складене. Якщо ввести 1, то повідомлення «NOT PRIME, NOT COMPOSITE»"
  ],
  "Тести" : [
    {"Вхід" : ["25"], "Вихід" : "COMPOSITE"},
    {"Вхід" : ["11"], "Вихід" : "PRIME"},
    {"Вхід" : ["1"], "Вихід" : "NOT PRIME, NOT COMPOSITE"}
  ]
}